sepal_length,sepal_width,petal_length,petal_width,label
4.68,2.95,1.55,0.2,0
6.31,2.15,4.35,1.2,1
5.02,3.61,1.32,0.2,0
6.09,2.14,4.99,1.51,2
6.41,3.08,5.31,2.44,2
5.65,2.79,5.11,1.84,2
6.9,3.18,5.48,2.41,2
7.36,2.88,6.37,1.79,2
5.77,2.74,3.43,1.02,1
5.55,2.51,3.78,1.04,1
5.08,3.59,1.51,0.17,0
6.52,3.06,4.2,1.35,1
4.99,3.53,1.57,0.17,0
5.66,2.47,5.15,1.96,2
5.77,2.74,4.09,0.98,1
7.09,3.2,5.96,1.92,2
5.77,3.8,1.77,0.27,0
5.11,3.5,1.36,0.17,0
6.73,2.83,5.0,2.27,2
6.21,3.42,5.82,2.32,2
5.04,3.82,1.95,0.38,0
6.98,3.27,4.75,1.3,1
4.39,3.0,1.19,0.23,0
4.41,2.4,1.32,0.31,0
6.44,3.19,4.9,1.89,2
